match_id,radiant_picks_ids,radiant_picks_names,dire_picks_ids,dire_picks_names,radiant_bans_ids,dire_bans_ids,raw
8598861477.0,"[49, 128, 129, 131, 63]","['', '', '', '', '']","[64, 16, 123, 69, 70]","['', '', '', '', '']","[66, 89, 98, 59, 47, 8, 102]","[72, 40, 79, 28, 136, 39, 11]","{""match_id"": 8598861477, ""picks_bans"": [{""is_pick"": false, ""hero_id"": 72, ""team"": 1, ""order"": 0}, {""is_pick"": false, ""hero_id"": 66, ""team"": 0, ""order"": 1}, {""is_pick"": false, ""hero_id"": 89, ""team"": 0, ""order"": 2}, {""is_pick"": false, ""hero_id"": 40, ""team"": 1, ""order"": 3}, {""is_pick"": false, ""hero_id"": 98, ""team"": 0, ""order"": 4}, {""is_pick"": false, ""hero_id"": 59, ""team"": 0, ""order"": 5}, {""is_pick"": false, ""hero_id"": 79, ""team"": 1, ""order"": 6}, {""is_pick"": true, ""hero_id"": 64, ""team"": 1, ""order"": 7}, {""is_pick"": true, ""hero_id"": 49, ""team"": 0, ""order"": 8}, {""is_pick"": false, ""hero_id"": 28, ""team"": 1, ""order"": 9}, {""is_pick"": false, ""hero_id"": 136, ""team"": 1, ""order"": 10}, {""is_pick"": false, ""hero_id"": 47, ""team"": 0, ""order"": 11}, {""is_pick"": true, ""hero_id"": 128, ""team"": 0, ""order"": 12}, {""is_pick"": true, ""hero_id"": 16, ""team"": 1, ""order"": 13}, {""is_pick"": true, ""hero_id"": 123, ""team"": 1, ""order"": 14}, {""is_pick"": true, ""hero_id"": 129, ""team"": 0, ""order"": 15}, {""is_pick"": true, ""hero_id"": 131, ""team"": 0, ""order"": 16}, {""is_pick"": true, ""hero_id"": 69, ""team"": 1, ""order"": 17}, {""is_pick"": false, ""hero_id"": 39, ""team"": 1, ""order"": 18}, {""is_pick"": false, ""hero_id"": 8, ""team"": 0, ""order"": 19}, {""is_pick"": false, ""hero_id"": 102, ""team"": 0, ""order"": 20}, {""is_pick"": false, ""hero_id"": 11, ""team"": 1, ""order"": 21}, {""is_pick"": true, ""hero_id"": 70, ""team"": 1, ""order"": 22}, {""is_pick"": true, ""hero_id"": 63, ""team"": 0, ""order"": 23}], ""radiant_picks"": [{""hero_id"": 49, ""hero_name"": null}, {""hero_id"": 128, ""hero_name"": null}, {""hero_id"": 129, ""hero_name"": null}, {""hero_id"": 131, ""hero_name"": null}, {""hero_id"": 63, ""hero_name"": null}], ""dire_picks"": [{""hero_id"": 64, ""hero_name"": null}, {""hero_id"": 16, ""hero_name"": null}, {""hero_id"": 123, ""hero_name"": null}, {""hero_id"": 69, ""hero_name"": null}, {""hero_id"": 70, ""hero_name"": null}], ""radiant_bans"": [{""hero_id"": 66, ""hero_name"": null}, {""hero_id"": 89, ""hero_name"": null}, {""hero_id"": 98, ""hero_name"": null}, {""hero_id"": 59, ""hero_name"": null}, {""hero_id"": 47, ""hero_name"": null}, {""hero_id"": 8, ""hero_name"": null}, {""hero_id"": 102, ""hero_name"": null}], ""dire_bans"": [{""hero_id"": 72, ""hero_name"": null}, {""hero_id"": 40, ""hero_name"": null}, {""hero_id"": 79, ""hero_name"": null}, {""hero_id"": 28, ""hero_name"": null}, {""hero_id"": 136, ""hero_name"": null}, {""hero_id"": 39, ""hero_name"": null}, {""hero_id"": 11, ""hero_name"": null}]}"
8550292837.0,"[98, 3, 123, 39, 10]","['', '', '', '', '']","[72, 65, 129, 58, 13]","['', '', '', '', '']","[59, 66, 70, 120, 69, 49, 53]","[136, 89, 62, 79, 74, 102, 145]","{""match_id"": 8550292837, ""picks_bans"": [{""is_pick"": false, ""hero_id"": 59, ""team"": 0, ""order"": 0}, {""is_pick"": false, ""hero_id"": 136, ""team"": 1, ""order"": 1}, {""is_pick"": false, ""hero_id"": 89, ""team"": 1, ""order"": 2}, {""is_pick"": false, ""hero_id"": 66, ""team"": 0, ""order"": 3}, {""is_pick"": false, ""hero_id"": 62, ""team"": 1, ""order"": 4}, {""is_pick"": false, ""hero_id"": 79, ""team"": 1, ""order"": 5}, {""is_pick"": false, ""hero_id"": 70, ""team"": 0, ""order"": 6}, {""is_pick"": true, ""hero_id"": 98, ""team"": 0, ""order"": 7}, {""is_pick"": true, ""hero_id"": 72, ""team"": 1, ""order"": 8}, {""is_pick"": false, ""hero_id"": 120, ""team"": 0, ""order"": 9}, {""is_pick"": false, ""hero_id"": 69, ""team"": 0, ""order"": 10}, {""is_pick"": false, ""hero_id"": 74, ""team"": 1, ""order"": 11}, {""is_pick"": true, ""hero_id"": 65, ""team"": 1, ""order"": 12}, {""is_pick"": true, ""hero_id"": 3, ""team"": 0, ""order"": 13}, {""is_pick"": true, ""hero_id"": 123, ""team"": 0, ""order"": 14}, {""is_pick"": true, ""hero_id"": 129, ""team"": 1, ""order"": 15}, {""is_pick"": true, ""hero_id"": 58, ""team"": 1, ""order"": 16}, {""is_pick"": true, ""hero_id"": 39, ""team"": 0, ""order"": 17}, {""is_pick"": false, ""hero_id"": 49, ""team"": 0, ""order"": 18}, {""is_pick"": false, ""hero_id"": 102, ""team"": 1, ""order"": 19}, {""is_pick"": false, ""hero_id"": 145, ""team"": 1, ""order"": 20}, {""is_pick"": false, ""hero_id"": 53, ""team"": 0, ""order"": 21}, {""is_pick"": true, ""hero_id"": 10, ""team"": 0, ""order"": 22}, {""is_pick"": true, ""hero_id"": 13, ""team"": 1, ""order"": 23}], ""radiant_picks"": [{""hero_id"": 98, ""hero_name"": null}, {""hero_id"": 3, ""hero_name"": null}, {""hero_id"": 123, ""hero_name"": null}, {""hero_id"": 39, ""hero_name"": null}, {""hero_id"": 10, ""hero_name"": null}], ""dire_picks"": [{""hero_id"": 72, ""hero_name"": null}, {""hero_id"": 65, ""hero_name"": null}, {""hero_id"": 129, ""hero_name"": null}, {""hero_id"": 58, ""hero_name"": null}, {""hero_id"": 13, ""hero_name"": null}], ""radiant_bans"": [{""hero_id"": 59, ""hero_name"": null}, {""hero_id"": 66, ""hero_name"": null}, {""hero_id"": 70, ""hero_name"": null}, {""hero_id"": 120, ""hero_name"": null}, {""hero_id"": 69, ""hero_name"": null}, {""hero_id"": 49, ""hero_name"": null}, {""hero_id"": 53, ""hero_name"": null}], ""dire_bans"": [{""hero_id"": 136, ""hero_name"": null}, {""hero_id"": 89, ""hero_name"": null}, {""hero_id"": 62, ""hero_name"": null}, {""hero_id"": 79, ""hero_name"": null}, {""hero_id"": 74, ""hero_name"": null}, {""hero_id"": 102, ""hero_name"": null}, {""hero_id"": 145, ""hero_name"": null}]}"
8598987393.0,"[47, 123, 45, 29, 21]","['', '', '', '', '']","[59, 100, 58, 102, 120]","['', '', '', '', '']","[66, 89, 63, 79, 8, 129, 96]","[72, 40, 98, 64, 136, 109, 70]","{""match_id"": 8598987393, ""picks_bans"": [{""is_pick"": false, ""hero_id"": 66, ""team"": 0, ""order"": 0}, {""is_pick"": false, ""hero_id"": 72, ""team"": 1, ""order"": 1}, {""is_pick"": false, ""hero_id"": 40, ""team"": 1, ""order"": 2}, {""is_pick"": false, ""hero_id"": 89, ""team"": 0, ""order"": 3}, {""is_pick"": false, ""hero_id"": 98, ""team"": 1, ""order"": 4}, {""is_pick"": false, ""hero_id"": 64, ""team"": 1, ""order"": 5}, {""is_pick"": false, ""hero_id"": 63, ""team"": 0, ""order"": 6}, {""is_pick"": true, ""hero_id"": 47, ""team"": 0, ""order"": 7}, {""is_pick"": true, ""hero_id"": 59, ""team"": 1, ""order"": 8}, {""is_pick"": false, ""hero_id"": 79, ""team"": 0, ""order"": 9}, {""is_pick"": false, ""hero_id"": 8, ""team"": 0, ""order"": 10}, {""is_pick"": false, ""hero_id"": 136, ""team"": 1, ""order"": 11}, {""is_pick"": true, ""hero_id"": 100, ""team"": 1, ""order"": 12}, {""is_pick"": true, ""hero_id"": 123, ""team"": 0, ""order"": 13}, {""is_pick"": true, ""hero_id"": 45, ""team"": 0, ""order"": 14}, {""is_pick"": true, ""hero_id"": 58, ""team"": 1, ""order"": 15}, {""is_pick"": true, ""hero_id"": 102, ""team"": 1, ""order"": 16}, {""is_pick"": true, ""hero_id"": 29, ""team"": 0, ""order"": 17}, {""is_pick"": false, ""hero_id"": 129, ""team"": 0, ""order"": 18}, {""is_pick"": false, ""hero_id"": 109, ""team"": 1, ""order"": 19}, {""is_pick"": false, ""hero_id"": 70, ""team"": 1, ""order"": 20}, {""is_pick"": false, ""hero_id"": 96, ""team"": 0, ""order"": 21}, {""is_pick"": true, ""hero_id"": 21, ""team"": 0, ""order"": 22}, {""is_pick"": true, ""hero_id"": 120, ""team"": 1, ""order"": 23}], ""radiant_picks"": [{""hero_id"": 47, ""hero_name"": null}, {""hero_id"": 123, ""hero_name"": null}, {""hero_id"": 45, ""hero_name"": null}, {""hero_id"": 29, ""hero_name"": null}, {""hero_id"": 21, ""hero_name"": null}], ""dire_picks"": [{""hero_id"": 59, ""hero_name"": null}, {""hero_id"": 100, ""hero_name"": null}, {""hero_id"": 58, ""hero_name"": null}, {""hero_id"": 102, ""hero_name"": null}, {""hero_id"": 120, ""hero_name"": null}], ""radiant_bans"": [{""hero_id"": 66, ""hero_name"": null}, {""hero_id"": 89, ""hero_name"": null}, {""hero_id"": 63, ""hero_name"": null}, {""hero_id"": 79, ""hero_name"": null}, {""hero_id"": 8, ""hero_name"": null}, {""hero_id"": 129, ""hero_name"": null}, {""hero_id"": 96, ""hero_name"": null}], ""dire_bans"": [{""hero_id"": 72, ""hero_name"": null}, {""hero_id"": 40, ""hero_name"": null}, {""hero_id"": 98, ""hero_name"": null}, {""hero_id"": 64, ""hero_name"": null}, {""hero_id"": 136, ""hero_name"": null}, {""hero_id"": 109, ""hero_name"": null}, {""hero_id"": 70, ""hero_name"": null}]}"
8550149598.0,"[98, 3, 123, 39, 10]","['', '', '', '', '']","[72, 65, 129, 58, 13]","['', '', '', '', '']","[59, 66, 70, 120, 69, 49, 53]","[136, 89, 62, 79, 74, 102, 145]","{""match_id"": 8550149598, ""picks_bans"": [{""is_pick"": false, ""hero_id"": 59, ""team"": 0, ""order"": 0}, {""is_pick"": false, ""hero_id"": 136, ""team"": 1, ""order"": 1}, {""is_pick"": false, ""hero_id"": 89, ""team"": 1, ""order"": 2}, {""is_pick"": false, ""hero_id"": 66, ""team"": 0, ""order"": 3}, {""is_pick"": false, ""hero_id"": 62, ""team"": 1, ""order"": 4}, {""is_pick"": false, ""hero_id"": 79, ""team"": 1, ""order"": 5}, {""is_pick"": false, ""hero_id"": 70, ""team"": 0, ""order"": 6}, {""is_pick"": true, ""hero_id"": 98, ""team"": 0, ""order"": 7}, {""is_pick"": true, ""hero_id"": 72, ""team"": 1, ""order"": 8}, {""is_pick"": false, ""hero_id"": 120, ""team"": 0, ""order"": 9}, {""is_pick"": false, ""hero_id"": 69, ""team"": 0, ""order"": 10}, {""is_pick"": false, ""hero_id"": 74, ""team"": 1, ""order"": 11}, {""is_pick"": true, ""hero_id"": 65, ""team"": 1, ""order"": 12}, {""is_pick"": true, ""hero_id"": 3, ""team"": 0, ""order"": 13}, {""is_pick"": true, ""hero_id"": 123, ""team"": 0, ""order"": 14}, {""is_pick"": true, ""hero_id"": 129, ""team"": 1, ""order"": 15}, {""is_pick"": true, ""hero_id"": 58, ""team"": 1, ""order"": 16}, {""is_pick"": true, ""hero_id"": 39, ""team"": 0, ""order"": 17}, {""is_pick"": false, ""hero_id"": 49, ""team"": 0, ""order"": 18}, {""is_pick"": false, ""hero_id"": 102, ""team"": 1, ""order"": 19}, {""is_pick"": false, ""hero_id"": 145, ""team"": 1, ""order"": 20}, {""is_pick"": false, ""hero_id"": 53, ""team"": 0, ""order"": 21}, {""is_pick"": true, ""hero_id"": 10, ""team"": 0, ""order"": 22}, {""is_pick"": true, ""hero_id"": 13, ""team"": 1, ""order"": 23}], ""radiant_picks"": [{""hero_id"": 98, ""hero_name"": null}, {""hero_id"": 3, ""hero_name"": null}, {""hero_id"": 123, ""hero_name"": null}, {""hero_id"": 39, ""hero_name"": null}, {""hero_id"": 10, ""hero_name"": null}], ""dire_picks"": [{""hero_id"": 72, ""hero_name"": null}, {""hero_id"": 65, ""hero_name"": null}, {""hero_id"": 129, ""hero_name"": null}, {""hero_id"": 58, ""hero_name"": null}, {""hero_id"": 13, ""hero_name"": null}], ""radiant_bans"": [{""hero_id"": 59, ""hero_name"": null}, {""hero_id"": 66, ""hero_name"": null}, {""hero_id"": 70, ""hero_name"": null}, {""hero_id"": 120, ""hero_name"": null}, {""hero_id"": 69, ""hero_name"": null}, {""hero_id"": 49, ""hero_name"": null}, {""hero_id"": 53, ""hero_name"": null}], ""dire_bans"": [{""hero_id"": 136, ""hero_name"": null}, {""hero_id"": 89, ""hero_name"": null}, {""hero_id"": 62, ""hero_name"": null}, {""hero_id"": 79, ""hero_name"": null}, {""hero_id"": 74, ""hero_name"": null}, {""hero_id"": 102, ""hero_name"": null}, {""hero_id"": 145, ""hero_name"": null}]}"
8599091798.0,"[79, 45, 49, 137, 99]","['', '', '', '', '']","[120, 64, 69, 123, 109]","['', '', '', '', '']","[66, 89, 59, 63, 58, 8, 70]","[72, 40, 98, 47, 96, 136, 21]","{""match_id"": 8599091798, ""picks_bans"": [{""is_pick"": false, ""hero_id"": 66, ""team"": 0, ""order"": 0}, {""is_pick"": false, ""hero_id"": 72, ""team"": 1, ""order"": 1}, {""is_pick"": false, ""hero_id"": 40, ""team"": 1, ""order"": 2}, {""is_pick"": false, ""hero_id"": 89, ""team"": 0, ""order"": 3}, {""is_pick"": false, ""hero_id"": 98, ""team"": 1, ""order"": 4}, {""is_pick"": false, ""hero_id"": 47, ""team"": 1, ""order"": 5}, {""is_pick"": false, ""hero_id"": 59, ""team"": 0, ""order"": 6}, {""is_pick"": true, ""hero_id"": 79, ""team"": 0, ""order"": 7}, {""is_pick"": true, ""hero_id"": 120, ""team"": 1, ""order"": 8}, {""is_pick"": false, ""hero_id"": 63, ""team"": 0, ""order"": 9}, {""is_pick"": false, ""hero_id"": 58, ""team"": 0, ""order"": 10}, {""is_pick"": false, ""hero_id"": 96, ""team"": 1, ""order"": 11}, {""is_pick"": true, ""hero_id"": 64, ""team"": 1, ""order"": 12}, {""is_pick"": true, ""hero_id"": 45, ""team"": 0, ""order"": 13}, {""is_pick"": true, ""hero_id"": 49, ""team"": 0, ""order"": 14}, {""is_pick"": true, ""hero_id"": 69, ""team"": 1, ""order"": 15}, {""is_pick"": true, ""hero_id"": 123, ""team"": 1, ""order"": 16}, {""is_pick"": true, ""hero_id"": 137, ""team"": 0, ""order"": 17}, {""is_pick"": false, ""hero_id"": 8, ""team"": 0, ""order"": 18}, {""is_pick"": false, ""hero_id"": 136, ""team"": 1, ""order"": 19}, {""is_pick"": false, ""hero_id"": 21, ""team"": 1, ""order"": 20}, {""is_pick"": false, ""hero_id"": 70, ""team"": 0, ""order"": 21}, {""is_pick"": true, ""hero_id"": 99, ""team"": 0, ""order"": 22}, {""is_pick"": true, ""hero_id"": 109, ""team"": 1, ""order"": 23}], ""radiant_picks"": [{""hero_id"": 79, ""hero_name"": null}, {""hero_id"": 45, ""hero_name"": null}, {""hero_id"": 49, ""hero_name"": null}, {""hero_id"": 137, ""hero_name"": null}, {""hero_id"": 99, ""hero_name"": null}], ""dire_picks"": [{""hero_id"": 120, ""hero_name"": null}, {""hero_id"": 64, ""hero_name"": null}, {""hero_id"": 69, ""hero_name"": null}, {""hero_id"": 123, ""hero_name"": null}, {""hero_id"": 109, ""hero_name"": null}], ""radiant_bans"": [{""hero_id"": 66, ""hero_name"": null}, {""hero_id"": 89, ""hero_name"": null}, {""hero_id"": 59, ""hero_name"": null}, {""hero_id"": 63, ""hero_name"": null}, {""hero_id"": 58, ""hero_name"": null}, {""hero_id"": 8, ""hero_name"": null}, {""hero_id"": 70, ""hero_name"": null}], ""dire_bans"": [{""hero_id"": 72, ""hero_name"": null}, {""hero_id"": 40, ""hero_name"": null}, {""hero_id"": 98, ""hero_name"": null}, {""hero_id"": 47, ""hero_name"": null}, {""hero_id"": 96, ""hero_name"": null}, {""hero_id"": 136, ""hero_name"": null}, {""hero_id"": 21, ""hero_name"": null}]}"
8599992855.0,"[120, 14, 72, 37, 52]","['', '', '', '', '']","[66, 28, 123, 109, 129]","['', '', '', '', '']","[98, 59, 49, 16, 70, 99, 69]","[136, 100, 29, 64, 102, 55, 11]","{""match_id"": 8599992855, ""picks_bans"": [{""is_pick"": false, ""hero_id"": 136, ""team"": 1, ""order"": 0}, {""is_pick"": false, ""hero_id"": 98, ""team"": 0, ""order"": 1}, {""is_pick"": false, ""hero_id"": 59, ""team"": 0, ""order"": 2}, {""is_pick"": false, ""hero_id"": 100, ""team"": 1, ""order"": 3}, {""is_pick"": false, ""hero_id"": 49, ""team"": 0, ""order"": 4}, {""is_pick"": false, ""hero_id"": 16, ""team"": 0, ""order"": 5}, {""is_pick"": false, ""hero_id"": 29, ""team"": 1, ""order"": 6}, {""is_pick"": true, ""hero_id"": 66, ""team"": 1, ""order"": 7}, {""is_pick"": true, ""hero_id"": 120, ""team"": 0, ""order"": 8}, {""is_pick"": false, ""hero_id"": 64, ""team"": 1, ""order"": 9}, {""is_pick"": false, ""hero_id"": 102, ""team"": 1, ""order"": 10}, {""is_pick"": false, ""hero_id"": 70, ""team"": 0, ""order"": 11}, {""is_pick"": true, ""hero_id"": 14, ""team"": 0, ""order"": 12}, {""is_pick"": true, ""hero_id"": 28, ""team"": 1, ""order"": 13}, {""is_pick"": true, ""hero_id"": 123, ""team"": 1, ""order"": 14}, {""is_pick"": true, ""hero_id"": 72, ""team"": 0, ""order"": 15}, {""is_pick"": true, ""hero_id"": 37, ""team"": 0, ""order"": 16}, {""is_pick"": true, ""hero_id"": 109, ""team"": 1, ""order"": 17}, {""is_pick"": false, ""hero_id"": 55, ""team"": 1, ""order"": 18}, {""is_pick"": false, ""hero_id"": 99, ""team"": 0, ""order"": 19}, {""is_pick"": false, ""hero_id"": 69, ""team"": 0, ""order"": 20}, {""is_pick"": false, ""hero_id"": 11, ""team"": 1, ""order"": 21}, {""is_pick"": true, ""hero_id"": 129, ""team"": 1, ""order"": 22}, {""is_pick"": true, ""hero_id"": 52, ""team"": 0, ""order"": 23}], ""radiant_picks"": [{""hero_id"": 120, ""hero_name"": null}, {""hero_id"": 14, ""hero_name"": null}, {""hero_id"": 72, ""hero_name"": null}, {""hero_id"": 37, ""hero_name"": null}, {""hero_id"": 52, ""hero_name"": null}], ""dire_picks"": [{""hero_id"": 66, ""hero_name"": null}, {""hero_id"": 28, ""hero_name"": null}, {""hero_id"": 123, ""hero_name"": null}, {""hero_id"": 109, ""hero_name"": null}, {""hero_id"": 129, ""hero_name"": null}], ""radiant_bans"": [{""hero_id"": 98, ""hero_name"": null}, {""hero_id"": 59, ""hero_name"": null}, {""hero_id"": 49, ""hero_name"": null}, {""hero_id"": 16, ""hero_name"": null}, {""hero_id"": 70, ""hero_name"": null}, {""hero_id"": 99, ""hero_name"": null}, {""hero_id"": 69, ""hero_name"": null}], ""dire_bans"": [{""hero_id"": 136, ""hero_name"": null}, {""hero_id"": 100, ""hero_name"": null}, {""hero_id"": 29, ""hero_name"": null}, {""hero_id"": 64, ""hero_name"": null}, {""hero_id"": 102, ""hero_name"": null}, {""hero_id"": 55, ""hero_name"": null}, {""hero_id"": 11, ""hero_name"": null}]}"
8602105739.0,"[120, 64, 71, 8, 78]","['', '', '', '', '']","[66, 16, 123, 69, 109]","['', '', '', '', '']","[49, 98, 59, 102, 28, 95, 70]","[96, 88, 136, 89, 114, 47, 55]","{""match_id"": 8602105739, ""picks_bans"": [{""is_pick"": false, ""hero_id"": 96, ""team"": 1, ""order"": 0}, {""is_pick"": false, ""hero_id"": 49, ""team"": 0, ""order"": 1}, {""is_pick"": false, ""hero_id"": 98, ""team"": 0, ""order"": 2}, {""is_pick"": false, ""hero_id"": 88, ""team"": 1, ""order"": 3}, {""is_pick"": false, ""hero_id"": 59, ""team"": 0, ""order"": 4}, {""is_pick"": false, ""hero_id"": 102, ""team"": 0, ""order"": 5}, {""is_pick"": false, ""hero_id"": 136, ""team"": 1, ""order"": 6}, {""is_pick"": true, ""hero_id"": 66, ""team"": 1, ""order"": 7}, {""is_pick"": true, ""hero_id"": 120, ""team"": 0, ""order"": 8}, {""is_pick"": false, ""hero_id"": 89, ""team"": 1, ""order"": 9}, {""is_pick"": false, ""hero_id"": 114, ""team"": 1, ""order"": 10}, {""is_pick"": false, ""hero_id"": 28, ""team"": 0, ""order"": 11}, {""is_pick"": true, ""hero_id"": 64, ""team"": 0, ""order"": 12}, {""is_pick"": true, ""hero_id"": 16, ""team"": 1, ""order"": 13}, {""is_pick"": true, ""hero_id"": 123, ""team"": 1, ""order"": 14}, {""is_pick"": true, ""hero_id"": 71, ""team"": 0, ""order"": 15}, {""is_pick"": true, ""hero_id"": 8, ""team"": 0, ""order"": 16}, {""is_pick"": true, ""hero_id"": 69, ""team"": 1, ""order"": 17}, {""is_pick"": false, ""hero_id"": 47, ""team"": 1, ""order"": 18}, {""is_pick"": false, ""hero_id"": 95, ""team"": 0, ""order"": 19}, {""is_pick"": false, ""hero_id"": 70, ""team"": 0, ""order"": 20}, {""is_pick"": false, ""hero_id"": 55, ""team"": 1, ""order"": 21}, {""is_pick"": true, ""hero_id"": 109, ""team"": 1, ""order"": 22}, {""is_pick"": true, ""hero_id"": 78, ""team"": 0, ""order"": 23}], ""radiant_picks"": [{""hero_id"": 120, ""hero_name"": null}, {""hero_id"": 64, ""hero_name"": null}, {""hero_id"": 71, ""hero_name"": null}, {""hero_id"": 8, ""hero_name"": null}, {""hero_id"": 78, ""hero_name"": null}], ""dire_picks"": [{""hero_id"": 66, ""hero_name"": null}, {""hero_id"": 16, ""hero_name"": null}, {""hero_id"": 123, ""hero_name"": null}, {""hero_id"": 69, ""hero_name"": null}, {""hero_id"": 109, ""hero_name"": null}], ""radiant_bans"": [{""hero_id"": 49, ""hero_name"": null}, {""hero_id"": 98, ""hero_name"": null}, {""hero_id"": 59, ""hero_name"": null}, {""hero_id"": 102, ""hero_name"": null}, {""hero_id"": 28, ""hero_name"": null}, {""hero_id"": 95, ""hero_name"": null}, {""hero_id"": 70, ""hero_name"": null}], ""dire_bans"": [{""hero_id"": 96, ""hero_name"": null}, {""hero_id"": 88, ""hero_name"": null}, {""hero_id"": 136, ""hero_name"": null}, {""hero_id"": 89, ""hero_name"": null}, {""hero_id"": 114, ""hero_name"": null}, {""hero_id"": 47, ""hero_name"": null}, {""hero_id"": 55, ""hero_name"": null}]}"
8600068614.0,"[100, 102, 50, 52, 129]","['', '', '', '', '']","[64, 28, 79, 109, 35]","['', '', '', '', '']","[66, 69, 89, 16, 120, 108, 17]","[136, 98, 49, 59, 29, 55, 96]","{""match_id"": 8600068614, ""picks_bans"": [{""is_pick"": false, ""hero_id"": 66, ""team"": 0, ""order"": 0}, {""is_pick"": false, ""hero_id"": 136, ""team"": 1, ""order"": 1}, {""is_pick"": false, ""hero_id"": 98, ""team"": 1, ""order"": 2}, {""is_pick"": false, ""hero_id"": 69, ""team"": 0, ""order"": 3}, {""is_pick"": false, ""hero_id"": 49, ""team"": 1, ""order"": 4}, {""is_pick"": false, ""hero_id"": 59, ""team"": 1, ""order"": 5}, {""is_pick"": false, ""hero_id"": 89, ""team"": 0, ""order"": 6}, {""is_pick"": true, ""hero_id"": 100, ""team"": 0, ""order"": 7}, {""is_pick"": true, ""hero_id"": 64, ""team"": 1, ""order"": 8}, {""is_pick"": false, ""hero_id"": 16, ""team"": 0, ""order"": 9}, {""is_pick"": false, ""hero_id"": 120, ""team"": 0, ""order"": 10}, {""is_pick"": false, ""hero_id"": 29, ""team"": 1, ""order"": 11}, {""is_pick"": true, ""hero_id"": 28, ""team"": 1, ""order"": 12}, {""is_pick"": true, ""hero_id"": 102, ""team"": 0, ""order"": 13}, {""is_pick"": true, ""hero_id"": 50, ""team"": 0, ""order"": 14}, {""is_pick"": true, ""hero_id"": 79, ""team"": 1, ""order"": 15}, {""is_pick"": true, ""hero_id"": 109, ""team"": 1, ""order"": 16}, {""is_pick"": true, ""hero_id"": 52, ""team"": 0, ""order"": 17}, {""is_pick"": false, ""hero_id"": 108, ""team"": 0, ""order"": 18}, {""is_pick"": false, ""hero_id"": 55, ""team"": 1, ""order"": 19}, {""is_pick"": false, ""hero_id"": 96, ""team"": 1, ""order"": 20}, {""is_pick"": false, ""hero_id"": 17, ""team"": 0, ""order"": 21}, {""is_pick"": true, ""hero_id"": 129, ""team"": 0, ""order"": 22}, {""is_pick"": true, ""hero_id"": 35, ""team"": 1, ""order"": 23}], ""radiant_picks"": [{""hero_id"": 100, ""hero_name"": null}, {""hero_id"": 102, ""hero_name"": null}, {""hero_id"": 50, ""hero_name"": null}, {""hero_id"": 52, ""hero_name"": null}, {""hero_id"": 129, ""hero_name"": null}], ""dire_picks"": [{""hero_id"": 64, ""hero_name"": null}, {""hero_id"": 28, ""hero_name"": null}, {""hero_id"": 79, ""hero_name"": null}, {""hero_id"": 109, ""hero_name"": null}, {""hero_id"": 35, ""hero_name"": null}], ""radiant_bans"": [{""hero_id"": 66, ""hero_name"": null}, {""hero_id"": 69, ""hero_name"": null}, {""hero_id"": 89, ""hero_name"": null}, {""hero_id"": 16, ""hero_name"": null}, {""hero_id"": 120, ""hero_name"": null}, {""hero_id"": 108, ""hero_name"": null}, {""hero_id"": 17, ""hero_name"": null}], ""dire_bans"": [{""hero_id"": 136, ""hero_name"": null}, {""hero_id"": 98, ""hero_name"": null}, {""hero_id"": 49, ""hero_name"": null}, {""hero_id"": 59, ""hero_name"": null}, {""hero_id"": 29, ""hero_name"": null}, {""hero_id"": 55, ""hero_name"": null}, {""hero_id"": 96, ""hero_name"": null}]}"
8602246766.0,"[120, 45, 71, 109, 13]","['', '', '', '', '']","[66, 70, 65, 137, 78]","['', '', '', '', '']","[98, 49, 102, 59, 28, 129, 108]","[96, 88, 136, 64, 114, 39, 47]","{""match_id"": 8602246766, ""picks_bans"": [{""is_pick"": false, ""hero_id"": 96, ""team"": 1, ""order"": 0}, {""is_pick"": false, ""hero_id"": 98, ""team"": 0, ""order"": 1}, {""is_pick"": false, ""hero_id"": 49, ""team"": 0, ""order"": 2}, {""is_pick"": false, ""hero_id"": 88, ""team"": 1, ""order"": 3}, {""is_pick"": false, ""hero_id"": 102, ""team"": 0, ""order"": 4}, {""is_pick"": false, ""hero_id"": 59, ""team"": 0, ""order"": 5}, {""is_pick"": false, ""hero_id"": 136, ""team"": 1, ""order"": 6}, {""is_pick"": true, ""hero_id"": 66, ""team"": 1, ""order"": 7}, {""is_pick"": true, ""hero_id"": 120, ""team"": 0, ""order"": 8}, {""is_pick"": false, ""hero_id"": 64, ""team"": 1, ""order"": 9}, {""is_pick"": false, ""hero_id"": 114, ""team"": 1, ""order"": 10}, {""is_pick"": false, ""hero_id"": 28, ""team"": 0, ""order"": 11}, {""is_pick"": true, ""hero_id"": 45, ""team"": 0, ""order"": 12}, {""is_pick"": true, ""hero_id"": 70, ""team"": 1, ""order"": 13}, {""is_pick"": true, ""hero_id"": 65, ""team"": 1, ""order"": 14}, {""is_pick"": true, ""hero_id"": 71, ""team"": 0, ""order"": 15}, {""is_pick"": true, ""hero_id"": 109, ""team"": 0, ""order"": 16}, {""is_pick"": true, ""hero_id"": 137, ""team"": 1, ""order"": 17}, {""is_pick"": false, ""hero_id"": 39, ""team"": 1, ""order"": 18}, {""is_pick"": false, ""hero_id"": 129, ""team"": 0, ""order"": 19}, {""is_pick"": false, ""hero_id"": 108, ""team"": 0, ""order"": 20}, {""is_pick"": false, ""hero_id"": 47, ""team"": 1, ""order"": 21}, {""is_pick"": true, ""hero_id"": 78, ""team"": 1, ""order"": 22}, {""is_pick"": true, ""hero_id"": 13, ""team"": 0, ""order"": 23}], ""radiant_picks"": [{""hero_id"": 120, ""hero_name"": null}, {""hero_id"": 45, ""hero_name"": null}, {""hero_id"": 71, ""hero_name"": null}, {""hero_id"": 109, ""hero_name"": null}, {""hero_id"": 13, ""hero_name"": null}], ""dire_picks"": [{""hero_id"": 66, ""hero_name"": null}, {""hero_id"": 70, ""hero_name"": null}, {""hero_id"": 65, ""hero_name"": null}, {""hero_id"": 137, ""hero_name"": null}, {""hero_id"": 78, ""hero_name"": null}], ""radiant_bans"": [{""hero_id"": 98, ""hero_name"": null}, {""hero_id"": 49, ""hero_name"": null}, {""hero_id"": 102, ""hero_name"": null}, {""hero_id"": 59, ""hero_name"": null}, {""hero_id"": 28, ""hero_name"": null}, {""hero_id"": 129, ""hero_name"": null}, {""hero_id"": 108, ""hero_name"": null}], ""dire_bans"": [{""hero_id"": 96, ""hero_name"": null}, {""hero_id"": 88, ""hero_name"": null}, {""hero_id"": 136, ""hero_name"": null}, {""hero_id"": 64, ""hero_name"": null}, {""hero_id"": 114, ""hero_name"": null}, {""hero_id"": 39, ""hero_name"": null}, {""hero_id"": 47, ""hero_name"": null}]}"
8602376621.0,"[64, 70, 62, 47, 137]","['', '', '', '', '']","[66, 2, 101, 46, 40]","['', '', '', '', '']","[96, 88, 136, 114, 71, 39, 17]","[98, 49, 102, 59, 28, 16, 120]","{""match_id"": 8602376621, ""picks_bans"": [{""is_pick"": false, ""hero_id"": 96, ""team"": 0, ""order"": 0}, {""is_pick"": false, ""hero_id"": 98, ""team"": 1, ""order"": 1}, {""is_pick"": false, ""hero_id"": 49, ""team"": 1, ""order"": 2}, {""is_pick"": false, ""hero_id"": 88, ""team"": 0, ""order"": 3}, {""is_pick"": false, ""hero_id"": 102, ""team"": 1, ""order"": 4}, {""is_pick"": false, ""hero_id"": 59, ""team"": 1, ""order"": 5}, {""is_pick"": false, ""hero_id"": 136, ""team"": 0, ""order"": 6}, {""is_pick"": true, ""hero_id"": 64, ""team"": 0, ""order"": 7}, {""is_pick"": true, ""hero_id"": 66, ""team"": 1, ""order"": 8}, {""is_pick"": false, ""hero_id"": 114, ""team"": 0, ""order"": 9}, {""is_pick"": false, ""hero_id"": 71, ""team"": 0, ""order"": 10}, {""is_pick"": false, ""hero_id"": 28, ""team"": 1, ""order"": 11}, {""is_pick"": true, ""hero_id"": 2, ""team"": 1, ""order"": 12}, {""is_pick"": true, ""hero_id"": 70, ""team"": 0, ""order"": 13}, {""is_pick"": true, ""hero_id"": 62, ""team"": 0, ""order"": 14}, {""is_pick"": true, ""hero_id"": 101, ""team"": 1, ""order"": 15}, {""is_pick"": true, ""hero_id"": 46, ""team"": 1, ""order"": 16}, {""is_pick"": true, ""hero_id"": 47, ""team"": 0, ""order"": 17}, {""is_pick"": false, ""hero_id"": 39, ""team"": 0, ""order"": 18}, {""is_pick"": false, ""hero_id"": 16, ""team"": 1, ""order"": 19}, {""is_pick"": false, ""hero_id"": 120, ""team"": 1, ""order"": 20}, {""is_pick"": false, ""hero_id"": 17, ""team"": 0, ""order"": 21}, {""is_pick"": true, ""hero_id"": 137, ""team"": 0, ""order"": 22}, {""is_pick"": true, ""hero_id"": 40, ""team"": 1, ""order"": 23}], ""radiant_picks"": [{""hero_id"": 64, ""hero_name"": null}, {""hero_id"": 70, ""hero_name"": null}, {""hero_id"": 62, ""hero_name"": null}, {""hero_id"": 47, ""hero_name"": null}, {""hero_id"": 137, ""hero_name"": null}], ""dire_picks"": [{""hero_id"": 66, ""hero_name"": null}, {""hero_id"": 2, ""hero_name"": null}, {""hero_id"": 101, ""hero_name"": null}, {""hero_id"": 46, ""hero_name"": null}, {""hero_id"": 40, ""hero_name"": null}], ""radiant_bans"": [{""hero_id"": 96, ""hero_name"": null}, {""hero_id"": 88, ""hero_name"": null}, {""hero_id"": 136, ""hero_name"": null}, {""hero_id"": 114, ""hero_name"": null}, {""hero_id"": 71, ""hero_name"": null}, {""hero_id"": 39, ""hero_name"": null}, {""hero_id"": 17, ""hero_name"": null}], ""dire_bans"": [{""hero_id"": 98, ""hero_name"": null}, {""hero_id"": 49, ""hero_name"": null}, {""hero_id"": 102, ""hero_name"": null}, {""hero_id"": 59, ""hero_name"": null}, {""hero_id"": 28, ""hero_name"": null}, {""hero_id"": 16, ""hero_name"": null}, {""hero_id"": 120, ""hero_name"": null}]}"
8603728193.0,"[64, 49, 131, 120, 35]","['', '', '', '', '']","[2, 123, 37, 145, 107]","['', '', '', '', '']","[65, 79, 96, 17, 21, 137, 14]","[98, 59, 66, 70, 102, 28, 129]","{""match_id"": 8603728193, ""picks_bans"": [{""is_pick"": false, ""hero_id"": 65, ""team"": 0, ""order"": 0}, {""is_pick"": false, ""hero_id"": 98, ""team"": 1, ""order"": 1}, {""is_pick"": false, ""hero_id"": 59, ""team"": 1, ""order"": 2}, {""is_pick"": false, ""hero_id"": 79, ""team"": 0, ""order"": 3}, {""is_pick"": false, ""hero_id"": 66, ""team"": 1, ""order"": 4}, {""is_pick"": false, ""hero_id"": 70, ""team"": 1, ""order"": 5}, {""is_pick"": false, ""hero_id"": 96, ""team"": 0, ""order"": 6}, {""is_pick"": true, ""hero_id"": 64, ""team"": 0, ""order"": 7}, {""is_pick"": true, ""hero_id"": 2, ""team"": 1, ""order"": 8}, {""is_pick"": false, ""hero_id"": 17, ""team"": 0, ""order"": 9}, {""is_pick"": false, ""hero_id"": 21, ""team"": 0, ""order"": 10}, {""is_pick"": false, ""hero_id"": 102, ""team"": 1, ""order"": 11}, {""is_pick"": true, ""hero_id"": 123, ""team"": 1, ""order"": 12}, {""is_pick"": true, ""hero_id"": 49, ""team"": 0, ""order"": 13}, {""is_pick"": true, ""hero_id"": 131, ""team"": 0, ""order"": 14}, {""is_pick"": true, ""hero_id"": 37, ""team"": 1, ""order"": 15}, {""is_pick"": true, ""hero_id"": 145, ""team"": 1, ""order"": 16}, {""is_pick"": true, ""hero_id"": 120, ""team"": 0, ""order"": 17}, {""is_pick"": false, ""hero_id"": 137, ""team"": 0, ""order"": 18}, {""is_pick"": false, ""hero_id"": 28, ""team"": 1, ""order"": 19}, {""is_pick"": false, ""hero_id"": 129, ""team"": 1, ""order"": 20}, {""is_pick"": false, ""hero_id"": 14, ""team"": 0, ""order"": 21}, {""is_pick"": true, ""hero_id"": 35, ""team"": 0, ""order"": 22}, {""is_pick"": true, ""hero_id"": 107, ""team"": 1, ""order"": 23}], ""radiant_picks"": [{""hero_id"": 64, ""hero_name"": null}, {""hero_id"": 49, ""hero_name"": null}, {""hero_id"": 131, ""hero_name"": null}, {""hero_id"": 120, ""hero_name"": null}, {""hero_id"": 35, ""hero_name"": null}], ""dire_picks"": [{""hero_id"": 2, ""hero_name"": null}, {""hero_id"": 123, ""hero_name"": null}, {""hero_id"": 37, ""hero_name"": null}, {""hero_id"": 145, ""hero_name"": null}, {""hero_id"": 107, ""hero_name"": null}], ""radiant_bans"": [{""hero_id"": 65, ""hero_name"": null}, {""hero_id"": 79, ""hero_name"": null}, {""hero_id"": 96, ""hero_name"": null}, {""hero_id"": 17, ""hero_name"": null}, {""hero_id"": 21, ""hero_name"": null}, {""hero_id"": 137, ""hero_name"": null}, {""hero_id"": 14, ""hero_name"": null}], ""dire_bans"": [{""hero_id"": 98, ""hero_name"": null}, {""hero_id"": 59, ""hero_name"": null}, {""hero_id"": 66, ""hero_name"": null}, {""hero_id"": 70, ""hero_name"": null}, {""hero_id"": 102, ""hero_name"": null}, {""hero_id"": 28, ""hero_name"": null}, {""hero_id"": 129, ""hero_name"": null}]}"
8603810835.0,"[17, 27, 45, 109, 108]","['', '', '', '', '']","[89, 13, 88, 28, 102]","['', '', '', '', '']","[98, 66, 49, 70, 120, 63, 72]","[65, 79, 64, 59, 26, 96, 29]","{""match_id"": 8603810835, ""picks_bans"": [{""is_pick"": false, ""hero_id"": 98, ""team"": 0, ""order"": 0}, {""is_pick"": false, ""hero_id"": 65, ""team"": 1, ""order"": 1}, {""is_pick"": false, ""hero_id"": 79, ""team"": 1, ""order"": 2}, {""is_pick"": false, ""hero_id"": 66, ""team"": 0, ""order"": 3}, {""is_pick"": false, ""hero_id"": 64, ""team"": 1, ""order"": 4}, {""is_pick"": false, ""hero_id"": 59, ""team"": 1, ""order"": 5}, {""is_pick"": false, ""hero_id"": 49, ""team"": 0, ""order"": 6}, {""is_pick"": true, ""hero_id"": 17, ""team"": 0, ""order"": 7}, {""is_pick"": true, ""hero_id"": 89, ""team"": 1, ""order"": 8}, {""is_pick"": false, ""hero_id"": 70, ""team"": 0, ""order"": 9}, {""is_pick"": false, ""hero_id"": 120, ""team"": 0, ""order"": 10}, {""is_pick"": false, ""hero_id"": 26, ""team"": 1, ""order"": 11}, {""is_pick"": true, ""hero_id"": 13, ""team"": 1, ""order"": 12}, {""is_pick"": true, ""hero_id"": 27, ""team"": 0, ""order"": 13}, {""is_pick"": true, ""hero_id"": 45, ""team"": 0, ""order"": 14}, {""is_pick"": true, ""hero_id"": 88, ""team"": 1, ""order"": 15}, {""is_pick"": true, ""hero_id"": 28, ""team"": 1, ""order"": 16}, {""is_pick"": true, ""hero_id"": 109, ""team"": 0, ""order"": 17}, {""is_pick"": false, ""hero_id"": 63, ""team"": 0, ""order"": 18}, {""is_pick"": false, ""hero_id"": 96, ""team"": 1, ""order"": 19}, {""is_pick"": false, ""hero_id"": 29, ""team"": 1, ""order"": 20}, {""is_pick"": false, ""hero_id"": 72, ""team"": 0, ""order"": 21}, {""is_pick"": true, ""hero_id"": 108, ""team"": 0, ""order"": 22}, {""is_pick"": true, ""hero_id"": 102, ""team"": 1, ""order"": 23}], ""radiant_picks"": [{""hero_id"": 17, ""hero_name"": null}, {""hero_id"": 27, ""hero_name"": null}, {""hero_id"": 45, ""hero_name"": null}, {""hero_id"": 109, ""hero_name"": null}, {""hero_id"": 108, ""hero_name"": null}], ""dire_picks"": [{""hero_id"": 89, ""hero_name"": null}, {""hero_id"": 13, ""hero_name"": null}, {""hero_id"": 88, ""hero_name"": null}, {""hero_id"": 28, ""hero_name"": null}, {""hero_id"": 102, ""hero_name"": null}], ""radiant_bans"": [{""hero_id"": 98, ""hero_name"": null}, {""hero_id"": 66, ""hero_name"": null}, {""hero_id"": 49, ""hero_name"": null}, {""hero_id"": 70, ""hero_name"": null}, {""hero_id"": 120, ""hero_name"": null}, {""hero_id"": 63, ""hero_name"": null}, {""hero_id"": 72, ""hero_name"": null}], ""dire_bans"": [{""hero_id"": 65, ""hero_name"": null}, {""hero_id"": 79, ""hero_name"": null}, {""hero_id"": 64, ""hero_name"": null}, {""hero_id"": 59, ""hero_name"": null}, {""hero_id"": 26, ""hero_name"": null}, {""hero_id"": 96, ""hero_name"": null}, {""hero_id"": 29, ""hero_name"": null}]}"
8603895710.0,"[49, 58, 131, 8, 96]","['', '', '', '', '']","[108, 31, 16, 123, 95]","['', '', '', '', '']","[65, 79, 17, 109, 45, 10, 46]","[98, 59, 64, 66, 70, 129, 120]","{""match_id"": 8603895710, ""picks_bans"": [{""is_pick"": false, ""hero_id"": 65, ""team"": 0, ""order"": 0}, {""is_pick"": false, ""hero_id"": 98, ""team"": 1, ""order"": 1}, {""is_pick"": false, ""hero_id"": 59, ""team"": 1, ""order"": 2}, {""is_pick"": false, ""hero_id"": 79, ""team"": 0, ""order"": 3}, {""is_pick"": false, ""hero_id"": 64, ""team"": 1, ""order"": 4}, {""is_pick"": false, ""hero_id"": 66, ""team"": 1, ""order"": 5}, {""is_pick"": false, ""hero_id"": 17, ""team"": 0, ""order"": 6}, {""is_pick"": true, ""hero_id"": 49, ""team"": 0, ""order"": 7}, {""is_pick"": true, ""hero_id"": 108, ""team"": 1, ""order"": 8}, {""is_pick"": false, ""hero_id"": 109, ""team"": 0, ""order"": 9}, {""is_pick"": false, ""hero_id"": 45, ""team"": 0, ""order"": 10}, {""is_pick"": false, ""hero_id"": 70, ""team"": 1, ""order"": 11}, {""is_pick"": true, ""hero_id"": 31, ""team"": 1, ""order"": 12}, {""is_pick"": true, ""hero_id"": 58, ""team"": 0, ""order"": 13}, {""is_pick"": true, ""hero_id"": 131, ""team"": 0, ""order"": 14}, {""is_pick"": true, ""hero_id"": 16, ""team"": 1, ""order"": 15}, {""is_pick"": true, ""hero_id"": 123, ""team"": 1, ""order"": 16}, {""is_pick"": true, ""hero_id"": 8, ""team"": 0, ""order"": 17}, {""is_pick"": false, ""hero_id"": 10, ""team"": 0, ""order"": 18}, {""is_pick"": false, ""hero_id"": 129, ""team"": 1, ""order"": 19}, {""is_pick"": false, ""hero_id"": 120, ""team"": 1, ""order"": 20}, {""is_pick"": false, ""hero_id"": 46, ""team"": 0, ""order"": 21}, {""is_pick"": true, ""hero_id"": 96, ""team"": 0, ""order"": 22}, {""is_pick"": true, ""hero_id"": 95, ""team"": 1, ""order"": 23}], ""radiant_picks"": [{""hero_id"": 49, ""hero_name"": null}, {""hero_id"": 58, ""hero_name"": null}, {""hero_id"": 131, ""hero_name"": null}, {""hero_id"": 8, ""hero_name"": null}, {""hero_id"": 96, ""hero_name"": null}], ""dire_picks"": [{""hero_id"": 108, ""hero_name"": null}, {""hero_id"": 31, ""hero_name"": null}, {""hero_id"": 16, ""hero_name"": null}, {""hero_id"": 123, ""hero_name"": null}, {""hero_id"": 95, ""hero_name"": null}], ""radiant_bans"": [{""hero_id"": 65, ""hero_name"": null}, {""hero_id"": 79, ""hero_name"": null}, {""hero_id"": 17, ""hero_name"": null}, {""hero_id"": 109, ""hero_name"": null}, {""hero_id"": 45, ""hero_name"": null}, {""hero_id"": 10, ""hero_name"": null}, {""hero_id"": 46, ""hero_name"": null}], ""dire_bans"": [{""hero_id"": 98, ""hero_name"": null}, {""hero_id"": 59, ""hero_name"": null}, {""hero_id"": 64, ""hero_name"": null}, {""hero_id"": 66, ""hero_name"": null}, {""hero_id"": 70, ""hero_name"": null}, {""hero_id"": 129, ""hero_name"": null}, {""hero_id"": 120, ""hero_name"": null}]}"
8605115782.0,"[64, 129, 72, 100, 43]","['', '', '', '', '']","[49, 101, 96, 58, 53]","['', '', '', '', '']","[59, 89, 66, 120, 28, 35, 109]","[136, 79, 21, 98, 2, 137, 65]","{""match_id"": 8605115782, ""picks_bans"": [{""is_pick"": false, ""hero_id"": 59, ""team"": 0, ""order"": 0}, {""is_pick"": false, ""hero_id"": 136, ""team"": 1, ""order"": 1}, {""is_pick"": false, ""hero_id"": 79, ""team"": 1, ""order"": 2}, {""is_pick"": false, ""hero_id"": 89, ""team"": 0, ""order"": 3}, {""is_pick"": false, ""hero_id"": 21, ""team"": 1, ""order"": 4}, {""is_pick"": false, ""hero_id"": 98, ""team"": 1, ""order"": 5}, {""is_pick"": false, ""hero_id"": 66, ""team"": 0, ""order"": 6}, {""is_pick"": true, ""hero_id"": 64, ""team"": 0, ""order"": 7}, {""is_pick"": true, ""hero_id"": 49, ""team"": 1, ""order"": 8}, {""is_pick"": false, ""hero_id"": 120, ""team"": 0, ""order"": 9}, {""is_pick"": false, ""hero_id"": 28, ""team"": 0, ""order"": 10}, {""is_pick"": false, ""hero_id"": 2, ""team"": 1, ""order"": 11}, {""is_pick"": true, ""hero_id"": 101, ""team"": 1, ""order"": 12}, {""is_pick"": true, ""hero_id"": 129, ""team"": 0, ""order"": 13}, {""is_pick"": true, ""hero_id"": 72, ""team"": 0, ""order"": 14}, {""is_pick"": true, ""hero_id"": 96, ""team"": 1, ""order"": 15}, {""is_pick"": true, ""hero_id"": 58, ""team"": 1, ""order"": 16}, {""is_pick"": true, ""hero_id"": 100, ""team"": 0, ""order"": 17}, {""is_pick"": false, ""hero_id"": 35, ""team"": 0, ""order"": 18}, {""is_pick"": false, ""hero_id"": 137, ""team"": 1, ""order"": 19}, {""is_pick"": false, ""hero_id"": 65, ""team"": 1, ""order"": 20}, {""is_pick"": false, ""hero_id"": 109, ""team"": 0, ""order"": 21}, {""is_pick"": true, ""hero_id"": 43, ""team"": 0, ""order"": 22}, {""is_pick"": true, ""hero_id"": 53, ""team"": 1, ""order"": 23}], ""radiant_picks"": [{""hero_id"": 64, ""hero_name"": null}, {""hero_id"": 129, ""hero_name"": null}, {""hero_id"": 72, ""hero_name"": null}, {""hero_id"": 100, ""hero_name"": null}, {""hero_id"": 43, ""hero_name"": null}], ""dire_picks"": [{""hero_id"": 49, ""hero_name"": null}, {""hero_id"": 101, ""hero_name"": null}, {""hero_id"": 96, ""hero_name"": null}, {""hero_id"": 58, ""hero_name"": null}, {""hero_id"": 53, ""hero_name"": null}], ""radiant_bans"": [{""hero_id"": 59, ""hero_name"": null}, {""hero_id"": 89, ""hero_name"": null}, {""hero_id"": 66, ""hero_name"": null}, {""hero_id"": 120, ""hero_name"": null}, {""hero_id"": 28, ""hero_name"": null}, {""hero_id"": 35, ""hero_name"": null}, {""hero_id"": 109, ""hero_name"": null}], ""dire_bans"": [{""hero_id"": 136, ""hero_name"": null}, {""hero_id"": 79, ""hero_name"": null}, {""hero_id"": 21, ""hero_name"": null}, {""hero_id"": 98, ""hero_name"": null}, {""hero_id"": 2, ""hero_name"": null}, {""hero_id"": 137, ""hero_name"": null}, {""hero_id"": 65, ""hero_name"": null}]}"
8606484740.0,"[64, 47, 100, 145, 96]","['', '', '', '', '']","[49, 101, 129, 45, 102]","['', '', '', '', '']","[59, 120, 98, 131, 66, 35, 70]","[136, 79, 137, 89, 109, 28, 16]","{""match_id"": 8606484740, ""picks_bans"": [{""is_pick"": false, ""hero_id"": 59, ""team"": 0, ""order"": 0}, {""is_pick"": false, ""hero_id"": 136, ""team"": 1, ""order"": 1}, {""is_pick"": false, ""hero_id"": 79, ""team"": 1, ""order"": 2}, {""is_pick"": false, ""hero_id"": 120, ""team"": 0, ""order"": 3}, {""is_pick"": false, ""hero_id"": 137, ""team"": 1, ""order"": 4}, {""is_pick"": false, ""hero_id"": 89, ""team"": 1, ""order"": 5}, {""is_pick"": false, ""hero_id"": 98, ""team"": 0, ""order"": 6}, {""is_pick"": true, ""hero_id"": 64, ""team"": 0, ""order"": 7}, {""is_pick"": true, ""hero_id"": 49, ""team"": 1, ""order"": 8}, {""is_pick"": false, ""hero_id"": 131, ""team"": 0, ""order"": 9}, {""is_pick"": false, ""hero_id"": 66, ""team"": 0, ""order"": 10}, {""is_pick"": false, ""hero_id"": 109, ""team"": 1, ""order"": 11}, {""is_pick"": true, ""hero_id"": 101, ""team"": 1, ""order"": 12}, {""is_pick"": true, ""hero_id"": 47, ""team"": 0, ""order"": 13}, {""is_pick"": true, ""hero_id"": 100, ""team"": 0, ""order"": 14}, {""is_pick"": true, ""hero_id"": 129, ""team"": 1, ""order"": 15}, {""is_pick"": true, ""hero_id"": 45, ""team"": 1, ""order"": 16}, {""is_pick"": true, ""hero_id"": 145, ""team"": 0, ""order"": 17}, {""is_pick"": false, ""hero_id"": 35, ""team"": 0, ""order"": 18}, {""is_pick"": false, ""hero_id"": 28, ""team"": 1, ""order"": 19}, {""is_pick"": false, ""hero_id"": 16, ""team"": 1, ""order"": 20}, {""is_pick"": false, ""hero_id"": 70, ""team"": 0, ""order"": 21}, {""is_pick"": true, ""hero_id"": 96, ""team"": 0, ""order"": 22}, {""is_pick"": true, ""hero_id"": 102, ""team"": 1, ""order"": 23}], ""radiant_picks"": [{""hero_id"": 64, ""hero_name"": null}, {""hero_id"": 47, ""hero_name"": null}, {""hero_id"": 100, ""hero_name"": null}, {""hero_id"": 145, ""hero_name"": null}, {""hero_id"": 96, ""hero_name"": null}], ""dire_picks"": [{""hero_id"": 49, ""hero_name"": null}, {""hero_id"": 101, ""hero_name"": null}, {""hero_id"": 129, ""hero_name"": null}, {""hero_id"": 45, ""hero_name"": null}, {""hero_id"": 102, ""hero_name"": null}], ""radiant_bans"": [{""hero_id"": 59, ""hero_name"": null}, {""hero_id"": 120, ""hero_name"": null}, {""hero_id"": 98, ""hero_name"": null}, {""hero_id"": 131, ""hero_name"": null}, {""hero_id"": 66, ""hero_name"": null}, {""hero_id"": 35, ""hero_name"": null}, {""hero_id"": 70, ""hero_name"": null}], ""dire_bans"": [{""hero_id"": 136, ""hero_name"": null}, {""hero_id"": 79, ""hero_name"": null}, {""hero_id"": 137, ""hero_name"": null}, {""hero_id"": 89, ""hero_name"": null}, {""hero_id"": 109, ""hero_name"": null}, {""hero_id"": 28, ""hero_name"": null}, {""hero_id"": 16, ""hero_name"": null}]}"
8605215449.0,"[2, 40, 101, 72, 17]","['', '', '', '', '']","[70, 64, 131, 96, 106]","['', '', '', '', '']","[59, 98, 102, 120, 129, 35, 114]","[136, 79, 21, 49, 66, 53, 28]","{""match_id"": 8605215449, ""picks_bans"": [{""is_pick"": false, ""hero_id"": 59, ""team"": 0, ""order"": 0}, {""is_pick"": false, ""hero_id"": 136, ""team"": 1, ""order"": 1}, {""is_pick"": false, ""hero_id"": 79, ""team"": 1, ""order"": 2}, {""is_pick"": false, ""hero_id"": 98, ""team"": 0, ""order"": 3}, {""is_pick"": false, ""hero_id"": 21, ""team"": 1, ""order"": 4}, {""is_pick"": false, ""hero_id"": 49, ""team"": 1, ""order"": 5}, {""is_pick"": false, ""hero_id"": 102, ""team"": 0, ""order"": 6}, {""is_pick"": true, ""hero_id"": 2, ""team"": 0, ""order"": 7}, {""is_pick"": true, ""hero_id"": 70, ""team"": 1, ""order"": 8}, {""is_pick"": false, ""hero_id"": 120, ""team"": 0, ""order"": 9}, {""is_pick"": false, ""hero_id"": 129, ""team"": 0, ""order"": 10}, {""is_pick"": false, ""hero_id"": 66, ""team"": 1, ""order"": 11}, {""is_pick"": true, ""hero_id"": 64, ""team"": 1, ""order"": 12}, {""is_pick"": true, ""hero_id"": 40, ""team"": 0, ""order"": 13}, {""is_pick"": true, ""hero_id"": 101, ""team"": 0, ""order"": 14}, {""is_pick"": true, ""hero_id"": 131, ""team"": 1, ""order"": 15}, {""is_pick"": true, ""hero_id"": 96, ""team"": 1, ""order"": 16}, {""is_pick"": true, ""hero_id"": 72, ""team"": 0, ""order"": 17}, {""is_pick"": false, ""hero_id"": 35, ""team"": 0, ""order"": 18}, {""is_pick"": false, ""hero_id"": 53, ""team"": 1, ""order"": 19}, {""is_pick"": false, ""hero_id"": 28, ""team"": 1, ""order"": 20}, {""is_pick"": false, ""hero_id"": 114, ""team"": 0, ""order"": 21}, {""is_pick"": true, ""hero_id"": 17, ""team"": 0, ""order"": 22}, {""is_pick"": true, ""hero_id"": 106, ""team"": 1, ""order"": 23}], ""radiant_picks"": [{""hero_id"": 2, ""hero_name"": null}, {""hero_id"": 40, ""hero_name"": null}, {""hero_id"": 101, ""hero_name"": null}, {""hero_id"": 72, ""hero_name"": null}, {""hero_id"": 17, ""hero_name"": null}], ""dire_picks"": [{""hero_id"": 70, ""hero_name"": null}, {""hero_id"": 64, ""hero_name"": null}, {""hero_id"": 131, ""hero_name"": null}, {""hero_id"": 96, ""hero_name"": null}, {""hero_id"": 106, ""hero_name"": null}], ""radiant_bans"": [{""hero_id"": 59, ""hero_name"": null}, {""hero_id"": 98, ""hero_name"": null}, {""hero_id"": 102, ""hero_name"": null}, {""hero_id"": 120, ""hero_name"": null}, {""hero_id"": 129, ""hero_name"": null}, {""hero_id"": 35, ""hero_name"": null}, {""hero_id"": 114, ""hero_name"": null}], ""dire_bans"": [{""hero_id"": 136, ""hero_name"": null}, {""hero_id"": 79, ""hero_name"": null}, {""hero_id"": 21, ""hero_name"": null}, {""hero_id"": 49, ""hero_name"": null}, {""hero_id"": 66, ""hero_name"": null}, {""hero_id"": 53, ""hero_name"": null}, {""hero_id"": 28, ""hero_name"": null}]}"
8606592816.0,"[62, 28, 55, 123, 63]","['', '', '', '', '']","[66, 109, 65, 114, 29]","['', '', '', '', '']","[59, 98, 49, 64, 95, 129, 69]","[136, 79, 137, 96, 89, 138, 70]","{""match_id"": 8606592816, ""picks_bans"": [{""is_pick"": false, ""hero_id"": 136, ""team"": 1, ""order"": 0}, {""is_pick"": false, ""hero_id"": 59, ""team"": 0, ""order"": 1}, {""is_pick"": false, ""hero_id"": 98, ""team"": 0, ""order"": 2}, {""is_pick"": false, ""hero_id"": 79, ""team"": 1, ""order"": 3}, {""is_pick"": false, ""hero_id"": 49, ""team"": 0, ""order"": 4}, {""is_pick"": false, ""hero_id"": 64, ""team"": 0, ""order"": 5}, {""is_pick"": false, ""hero_id"": 137, ""team"": 1, ""order"": 6}, {""is_pick"": true, ""hero_id"": 66, ""team"": 1, ""order"": 7}, {""is_pick"": true, ""hero_id"": 62, ""team"": 0, ""order"": 8}, {""is_pick"": false, ""hero_id"": 96, ""team"": 1, ""order"": 9}, {""is_pick"": false, ""hero_id"": 89, ""team"": 1, ""order"": 10}, {""is_pick"": false, ""hero_id"": 95, ""team"": 0, ""order"": 11}, {""is_pick"": true, ""hero_id"": 28, ""team"": 0, ""order"": 12}, {""is_pick"": true, ""hero_id"": 109, ""team"": 1, ""order"": 13}, {""is_pick"": true, ""hero_id"": 65, ""team"": 1, ""order"": 14}, {""is_pick"": true, ""hero_id"": 55, ""team"": 0, ""order"": 15}, {""is_pick"": true, ""hero_id"": 123, ""team"": 0, ""order"": 16}, {""is_pick"": true, ""hero_id"": 114, ""team"": 1, ""order"": 17}, {""is_pick"": false, ""hero_id"": 138, ""team"": 1, ""order"": 18}, {""is_pick"": false, ""hero_id"": 129, ""team"": 0, ""order"": 19}, {""is_pick"": false, ""hero_id"": 69, ""team"": 0, ""order"": 20}, {""is_pick"": false, ""hero_id"": 70, ""team"": 1, ""order"": 21}, {""is_pick"": true, ""hero_id"": 29, ""team"": 1, ""order"": 22}, {""is_pick"": true, ""hero_id"": 63, ""team"": 0, ""order"": 23}], ""radiant_picks"": [{""hero_id"": 62, ""hero_name"": null}, {""hero_id"": 28, ""hero_name"": null}, {""hero_id"": 55, ""hero_name"": null}, {""hero_id"": 123, ""hero_name"": null}, {""hero_id"": 63, ""hero_name"": null}], ""dire_picks"": [{""hero_id"": 66, ""hero_name"": null}, {""hero_id"": 109, ""hero_name"": null}, {""hero_id"": 65, ""hero_name"": null}, {""hero_id"": 114, ""hero_name"": null}, {""hero_id"": 29, ""hero_name"": null}], ""radiant_bans"": [{""hero_id"": 59, ""hero_name"": null}, {""hero_id"": 98, ""hero_name"": null}, {""hero_id"": 49, ""hero_name"": null}, {""hero_id"": 64, ""hero_name"": null}, {""hero_id"": 95, ""hero_name"": null}, {""hero_id"": 129, ""hero_name"": null}, {""hero_id"": 69, ""hero_name"": null}], ""dire_bans"": [{""hero_id"": 136, ""hero_name"": null}, {""hero_id"": 79, ""hero_name"": null}, {""hero_id"": 137, ""hero_name"": null}, {""hero_id"": 96, ""hero_name"": null}, {""hero_id"": 89, ""hero_name"": null}, {""hero_id"": 138, ""hero_name"": null}, {""hero_id"": 70, ""hero_name"": null}]}"
8608974467.0,"[93, 9, 102, 129, 126]","['', '', '', '', '']","[96, 101, 40, 70, 35]","['', '', '', '', '']","[137, 98, 66, 64, 59, 19, 23]","[88, 28, 145, 46, 49, 33, 17]","{""match_id"": 8608974467, ""picks_bans"": [{""is_pick"": false, ""hero_id"": 88, ""team"": 1, ""order"": 0}, {""is_pick"": false, ""hero_id"": 28, ""team"": 1, ""order"": 1}, {""is_pick"": false, ""hero_id"": 137, ""team"": 0, ""order"": 2}, {""is_pick"": false, ""hero_id"": 98, ""team"": 0, ""order"": 3}, {""is_pick"": false, ""hero_id"": 145, ""team"": 1, ""order"": 4}, {""is_pick"": false, ""hero_id"": 66, ""team"": 0, ""order"": 5}, {""is_pick"": false, ""hero_id"": 64, ""team"": 0, ""order"": 6}, {""is_pick"": true, ""hero_id"": 96, ""team"": 1, ""order"": 7}, {""is_pick"": true, ""hero_id"": 93, ""team"": 0, ""order"": 8}, {""is_pick"": false, ""hero_id"": 46, ""team"": 1, ""order"": 9}, {""is_pick"": false, ""hero_id"": 49, ""team"": 1, ""order"": 10}, {""is_pick"": false, ""hero_id"": 59, ""team"": 0, ""order"": 11}, {""is_pick"": true, ""hero_id"": 9, ""team"": 0, ""order"": 12}, {""is_pick"": true, ""hero_id"": 101, ""team"": 1, ""order"": 13}, {""is_pick"": true, ""hero_id"": 40, ""team"": 1, ""order"": 14}, {""is_pick"": true, ""hero_id"": 102, ""team"": 0, ""order"": 15}, {""is_pick"": true, ""hero_id"": 129, ""team"": 0, ""order"": 16}, {""is_pick"": true, ""hero_id"": 70, ""team"": 1, ""order"": 17}, {""is_pick"": false, ""hero_id"": 33, ""team"": 1, ""order"": 18}, {""is_pick"": false, ""hero_id"": 19, ""team"": 0, ""order"": 19}, {""is_pick"": false, ""hero_id"": 17, ""team"": 1, ""order"": 20}, {""is_pick"": false, ""hero_id"": 23, ""team"": 0, ""order"": 21}, {""is_pick"": true, ""hero_id"": 35, ""team"": 1, ""order"": 22}, {""is_pick"": true, ""hero_id"": 126, ""team"": 0, ""order"": 23}], ""radiant_picks"": [{""hero_id"": 93, ""hero_name"": null}, {""hero_id"": 9, ""hero_name"": null}, {""hero_id"": 102, ""hero_name"": null}, {""hero_id"": 129, ""hero_name"": null}, {""hero_id"": 126, ""hero_name"": null}], ""dire_picks"": [{""hero_id"": 96, ""hero_name"": null}, {""hero_id"": 101, ""hero_name"": null}, {""hero_id"": 40, ""hero_name"": null}, {""hero_id"": 70, ""hero_name"": null}, {""hero_id"": 35, ""hero_name"": null}], ""radiant_bans"": [{""hero_id"": 137, ""hero_name"": null}, {""hero_id"": 98, ""hero_name"": null}, {""hero_id"": 66, ""hero_name"": null}, {""hero_id"": 64, ""hero_name"": null}, {""hero_id"": 59, ""hero_name"": null}, {""hero_id"": 19, ""hero_name"": null}, {""hero_id"": 23, ""hero_name"": null}], ""dire_bans"": [{""hero_id"": 88, ""hero_name"": null}, {""hero_id"": 28, ""hero_name"": null}, {""hero_id"": 145, ""hero_name"": null}, {""hero_id"": 46, ""hero_name"": null}, {""hero_id"": 49, ""hero_name"": null}, {""hero_id"": 33, ""hero_name"": null}, {""hero_id"": 17, ""hero_name"": null}]}"
8609085945.0,"[66, 95, 65, 39, 33]","['', '', '', '', '']","[62, 28, 21, 40, 53]","['', '', '', '', '']","[59, 137, 98, 64, 49, 47, 35]","[88, 93, 96, 145, 114, 29, 129]","{""match_id"": 8609085945, ""picks_bans"": [{""is_pick"": false, ""hero_id"": 59, ""team"": 0, ""order"": 0}, {""is_pick"": false, ""hero_id"": 137, ""team"": 0, ""order"": 1}, {""is_pick"": false, ""hero_id"": 88, ""team"": 1, ""order"": 2}, {""is_pick"": false, ""hero_id"": 93, ""team"": 1, ""order"": 3}, {""is_pick"": false, ""hero_id"": 98, ""team"": 0, ""order"": 4}, {""is_pick"": false, ""hero_id"": 96, ""team"": 1, ""order"": 5}, {""is_pick"": false, ""hero_id"": 145, ""team"": 1, ""order"": 6}, {""is_pick"": true, ""hero_id"": 66, ""team"": 0, ""order"": 7}, {""is_pick"": true, ""hero_id"": 62, ""team"": 1, ""order"": 8}, {""is_pick"": false, ""hero_id"": 64, ""team"": 0, ""order"": 9}, {""is_pick"": false, ""hero_id"": 49, ""team"": 0, ""order"": 10}, {""is_pick"": false, ""hero_id"": 114, ""team"": 1, ""order"": 11}, {""is_pick"": true, ""hero_id"": 28, ""team"": 1, ""order"": 12}, {""is_pick"": true, ""hero_id"": 95, ""team"": 0, ""order"": 13}, {""is_pick"": true, ""hero_id"": 65, ""team"": 0, ""order"": 14}, {""is_pick"": true, ""hero_id"": 21, ""team"": 1, ""order"": 15}, {""is_pick"": true, ""hero_id"": 40, ""team"": 1, ""order"": 16}, {""is_pick"": true, ""hero_id"": 39, ""team"": 0, ""order"": 17}, {""is_pick"": false, ""hero_id"": 47, ""team"": 0, ""order"": 18}, {""is_pick"": false, ""hero_id"": 29, ""team"": 1, ""order"": 19}, {""is_pick"": false, ""hero_id"": 35, ""team"": 0, ""order"": 20}, {""is_pick"": false, ""hero_id"": 129, ""team"": 1, ""order"": 21}, {""is_pick"": true, ""hero_id"": 33, ""team"": 0, ""order"": 22}, {""is_pick"": true, ""hero_id"": 53, ""team"": 1, ""order"": 23}], ""radiant_picks"": [{""hero_id"": 66, ""hero_name"": null}, {""hero_id"": 95, ""hero_name"": null}, {""hero_id"": 65, ""hero_name"": null}, {""hero_id"": 39, ""hero_name"": null}, {""hero_id"": 33, ""hero_name"": null}], ""dire_picks"": [{""hero_id"": 62, ""hero_name"": null}, {""hero_id"": 28, ""hero_name"": null}, {""hero_id"": 21, ""hero_name"": null}, {""hero_id"": 40, ""hero_name"": null}, {""hero_id"": 53, ""hero_name"": null}], ""radiant_bans"": [{""hero_id"": 59, ""hero_name"": null}, {""hero_id"": 137, ""hero_name"": null}, {""hero_id"": 98, ""hero_name"": null}, {""hero_id"": 64, ""hero_name"": null}, {""hero_id"": 49, ""hero_name"": null}, {""hero_id"": 47, ""hero_name"": null}, {""hero_id"": 35, ""hero_name"": null}], ""dire_bans"": [{""hero_id"": 88, ""hero_name"": null}, {""hero_id"": 93, ""hero_name"": null}, {""hero_id"": 96, ""hero_name"": null}, {""hero_id"": 145, ""hero_name"": null}, {""hero_id"": 114, ""hero_name"": null}, {""hero_id"": 29, ""hero_name"": null}, {""hero_id"": 129, ""hero_name"": null}]}"
8615212174.0,"[100, 37, 29, 74, 44]","['', '', '', '', '']","[53, 79, 49, 30, 2]","['', '', '', '', '']","[70, 21, 98, 27, 47, 108, 106]","[137, 96, 28, 64, 72, 109, 145]","{""match_id"": 8615212174, ""picks_bans"": [{""is_pick"": false, ""hero_id"": 70, ""team"": 0, ""order"": 0}, {""is_pick"": false, ""hero_id"": 21, ""team"": 0, ""order"": 1}, {""is_pick"": false, ""hero_id"": 137, ""team"": 1, ""order"": 2}, {""is_pick"": false, ""hero_id"": 96, ""team"": 1, ""order"": 3}, {""is_pick"": false, ""hero_id"": 98, ""team"": 0, ""order"": 4}, {""is_pick"": false, ""hero_id"": 28, ""team"": 1, ""order"": 5}, {""is_pick"": false, ""hero_id"": 64, ""team"": 1, ""order"": 6}, {""is_pick"": true, ""hero_id"": 100, ""team"": 0, ""order"": 7}, {""is_pick"": true, ""hero_id"": 53, ""team"": 1, ""order"": 8}, {""is_pick"": false, ""hero_id"": 27, ""team"": 0, ""order"": 9}, {""is_pick"": false, ""hero_id"": 47, ""team"": 0, ""order"": 10}, {""is_pick"": false, ""hero_id"": 72, ""team"": 1, ""order"": 11}, {""is_pick"": true, ""hero_id"": 79, ""team"": 1, ""order"": 12}, {""is_pick"": true, ""hero_id"": 37, ""team"": 0, ""order"": 13}, {""is_pick"": true, ""hero_id"": 29, ""team"": 0, ""order"": 14}, {""is_pick"": true, ""hero_id"": 49, ""team"": 1, ""order"": 15}, {""is_pick"": true, ""hero_id"": 30, ""team"": 1, ""order"": 16}, {""is_pick"": true, ""hero_id"": 74, ""team"": 0, ""order"": 17}, {""is_pick"": false, ""hero_id"": 108, ""team"": 0, ""order"": 18}, {""is_pick"": false, ""hero_id"": 109, ""team"": 1, ""order"": 19}, {""is_pick"": false, ""hero_id"": 106, ""team"": 0, ""order"": 20}, {""is_pick"": false, ""hero_id"": 145, ""team"": 1, ""order"": 21}, {""is_pick"": true, ""hero_id"": 44, ""team"": 0, ""order"": 22}, {""is_pick"": true, ""hero_id"": 2, ""team"": 1, ""order"": 23}], ""radiant_picks"": [{""hero_id"": 100, ""hero_name"": null}, {""hero_id"": 37, ""hero_name"": null}, {""hero_id"": 29, ""hero_name"": null}, {""hero_id"": 74, ""hero_name"": null}, {""hero_id"": 44, ""hero_name"": null}], ""dire_picks"": [{""hero_id"": 53, ""hero_name"": null}, {""hero_id"": 79, ""hero_name"": null}, {""hero_id"": 49, ""hero_name"": null}, {""hero_id"": 30, ""hero_name"": null}, {""hero_id"": 2, ""hero_name"": null}], ""radiant_bans"": [{""hero_id"": 70, ""hero_name"": null}, {""hero_id"": 21, ""hero_name"": null}, {""hero_id"": 98, ""hero_name"": null}, {""hero_id"": 27, ""hero_name"": null}, {""hero_id"": 47, ""hero_name"": null}, {""hero_id"": 108, ""hero_name"": null}, {""hero_id"": 106, ""hero_name"": null}], ""dire_bans"": [{""hero_id"": 137, ""hero_name"": null}, {""hero_id"": 96, ""hero_name"": null}, {""hero_id"": 28, ""hero_name"": null}, {""hero_id"": 64, ""hero_name"": null}, {""hero_id"": 72, ""hero_name"": null}, {""hero_id"": 109, ""hero_name"": null}, {""hero_id"": 145, ""hero_name"": null}]}"
8615442050.0,"[79, 21, 103, 2, 49]","['', '', '', '', '']","[29, 64, 19, 46, 90]","['', '', '', '', '']","[70, 98, 47, 27, 53, 17, 106]","[74, 28, 96, 100, 137, 107, 126]","{""match_id"": 8615442050, ""picks_bans"": [{""is_pick"": false, ""hero_id"": 70, ""team"": 0, ""order"": 0}, {""is_pick"": false, ""hero_id"": 98, ""team"": 0, ""order"": 1}, {""is_pick"": false, ""hero_id"": 74, ""team"": 1, ""order"": 2}, {""is_pick"": false, ""hero_id"": 28, ""team"": 1, ""order"": 3}, {""is_pick"": false, ""hero_id"": 47, ""team"": 0, ""order"": 4}, {""is_pick"": false, ""hero_id"": 96, ""team"": 1, ""order"": 5}, {""is_pick"": false, ""hero_id"": 100, ""team"": 1, ""order"": 6}, {""is_pick"": true, ""hero_id"": 79, ""team"": 0, ""order"": 7}, {""is_pick"": true, ""hero_id"": 29, ""team"": 1, ""order"": 8}, {""is_pick"": false, ""hero_id"": 27, ""team"": 0, ""order"": 9}, {""is_pick"": false, ""hero_id"": 53, ""team"": 0, ""order"": 10}, {""is_pick"": false, ""hero_id"": 137, ""team"": 1, ""order"": 11}, {""is_pick"": true, ""hero_id"": 64, ""team"": 1, ""order"": 12}, {""is_pick"": true, ""hero_id"": 21, ""team"": 0, ""order"": 13}, {""is_pick"": true, ""hero_id"": 103, ""team"": 0, ""order"": 14}, {""is_pick"": true, ""hero_id"": 19, ""team"": 1, ""order"": 15}, {""is_pick"": true, ""hero_id"": 46, ""team"": 1, ""order"": 16}, {""is_pick"": true, ""hero_id"": 2, ""team"": 0, ""order"": 17}, {""is_pick"": false, ""hero_id"": 17, ""team"": 0, ""order"": 18}, {""is_pick"": false, ""hero_id"": 107, ""team"": 1, ""order"": 19}, {""is_pick"": false, ""hero_id"": 106, ""team"": 0, ""order"": 20}, {""is_pick"": false, ""hero_id"": 126, ""team"": 1, ""order"": 21}, {""is_pick"": true, ""hero_id"": 49, ""team"": 0, ""order"": 22}, {""is_pick"": true, ""hero_id"": 90, ""team"": 1, ""order"": 23}], ""radiant_picks"": [{""hero_id"": 79, ""hero_name"": null}, {""hero_id"": 21, ""hero_name"": null}, {""hero_id"": 103, ""hero_name"": null}, {""hero_id"": 2, ""hero_name"": null}, {""hero_id"": 49, ""hero_name"": null}], ""dire_picks"": [{""hero_id"": 29, ""hero_name"": null}, {""hero_id"": 64, ""hero_name"": null}, {""hero_id"": 19, ""hero_name"": null}, {""hero_id"": 46, ""hero_name"": null}, {""hero_id"": 90, ""hero_name"": null}], ""radiant_bans"": [{""hero_id"": 70, ""hero_name"": null}, {""hero_id"": 98, ""hero_name"": null}, {""hero_id"": 47, ""hero_name"": null}, {""hero_id"": 27, ""hero_name"": null}, {""hero_id"": 53, ""hero_name"": null}, {""hero_id"": 17, ""hero_name"": null}, {""hero_id"": 106, ""hero_name"": null}], ""dire_bans"": [{""hero_id"": 74, ""hero_name"": null}, {""hero_id"": 28, ""hero_name"": null}, {""hero_id"": 96, ""hero_name"": null}, {""hero_id"": 100, ""hero_name"": null}, {""hero_id"": 137, ""hero_name"": null}, {""hero_id"": 107, ""hero_name"": null}, {""hero_id"": 126, ""hero_name"": null}]}"
8615341751.0,"[79, 47, 145, 27, 29]","['', '', '', '', '']","[137, 53, 51, 10, 37]","['', '', '', '', '']","[74, 28, 96, 100, 62, 123, 119]","[70, 21, 98, 49, 64, 69, 108]","{""match_id"": 8615341751, ""picks_bans"": [{""is_pick"": false, ""hero_id"": 70, ""team"": 1, ""order"": 0}, {""is_pick"": false, ""hero_id"": 21, ""team"": 1, ""order"": 1}, {""is_pick"": false, ""hero_id"": 74, ""team"": 0, ""order"": 2}, {""is_pick"": false, ""hero_id"": 28, ""team"": 0, ""order"": 3}, {""is_pick"": false, ""hero_id"": 98, ""team"": 1, ""order"": 4}, {""is_pick"": false, ""hero_id"": 96, ""team"": 0, ""order"": 5}, {""is_pick"": false, ""hero_id"": 100, ""team"": 0, ""order"": 6}, {""is_pick"": true, ""hero_id"": 137, ""team"": 1, ""order"": 7}, {""is_pick"": true, ""hero_id"": 79, ""team"": 0, ""order"": 8}, {""is_pick"": false, ""hero_id"": 49, ""team"": 1, ""order"": 9}, {""is_pick"": false, ""hero_id"": 64, ""team"": 1, ""order"": 10}, {""is_pick"": false, ""hero_id"": 62, ""team"": 0, ""order"": 11}, {""is_pick"": true, ""hero_id"": 47, ""team"": 0, ""order"": 12}, {""is_pick"": true, ""hero_id"": 53, ""team"": 1, ""order"": 13}, {""is_pick"": true, ""hero_id"": 51, ""team"": 1, ""order"": 14}, {""is_pick"": true, ""hero_id"": 145, ""team"": 0, ""order"": 15}, {""is_pick"": true, ""hero_id"": 27, ""team"": 0, ""order"": 16}, {""is_pick"": true, ""hero_id"": 10, ""team"": 1, ""order"": 17}, {""is_pick"": false, ""hero_id"": 69, ""team"": 1, ""order"": 18}, {""is_pick"": false, ""hero_id"": 123, ""team"": 0, ""order"": 19}, {""is_pick"": false, ""hero_id"": 108, ""team"": 1, ""order"": 20}, {""is_pick"": false, ""hero_id"": 119, ""team"": 0, ""order"": 21}, {""is_pick"": true, ""hero_id"": 37, ""team"": 1, ""order"": 22}, {""is_pick"": true, ""hero_id"": 29, ""team"": 0, ""order"": 23}], ""radiant_picks"": [{""hero_id"": 79, ""hero_name"": null}, {""hero_id"": 47, ""hero_name"": null}, {""hero_id"": 145, ""hero_name"": null}, {""hero_id"": 27, ""hero_name"": null}, {""hero_id"": 29, ""hero_name"": null}], ""dire_picks"": [{""hero_id"": 137, ""hero_name"": null}, {""hero_id"": 53, ""hero_name"": null}, {""hero_id"": 51, ""hero_name"": null}, {""hero_id"": 10, ""hero_name"": null}, {""hero_id"": 37, ""hero_name"": null}], ""radiant_bans"": [{""hero_id"": 74, ""hero_name"": null}, {""hero_id"": 28, ""hero_name"": null}, {""hero_id"": 96, ""hero_name"": null}, {""hero_id"": 100, ""hero_name"": null}, {""hero_id"": 62, ""hero_name"": null}, {""hero_id"": 123, ""hero_name"": null}, {""hero_id"": 119, ""hero_name"": null}], ""dire_bans"": [{""hero_id"": 70, ""hero_name"": null}, {""hero_id"": 21, ""hero_name"": null}, {""hero_id"": 98, ""hero_name"": null}, {""hero_id"": 49, ""hero_name"": null}, {""hero_id"": 64, ""hero_name"": null}, {""hero_id"": 69, ""hero_name"": null}, {""hero_id"": 108, ""hero_name"": null}]}"
,[],[],[],[],[],[],"{""match_id"": null, ""picks_bans"": [], ""radiant_picks"": [], ""dire_picks"": [], ""radiant_bans"": [], ""dire_bans"": []}"
8615531269.0,"[28, 19, 90, 46, 66]","['', '', '', '', '']","[79, 129, 39, 87, 95]","['', '', '', '', '']","[74, 70, 47, 96, 137, 94, 109]","[64, 100, 29, 98, 27, 85, 50]","{""match_id"": 8615531269, ""picks_bans"": [{""is_pick"": false, ""hero_id"": 74, ""team"": 0, ""order"": 0}, {""is_pick"": false, ""hero_id"": 70, ""team"": 0, ""order"": 1}, {""is_pick"": false, ""hero_id"": 64, ""team"": 1, ""order"": 2}, {""is_pick"": false, ""hero_id"": 100, ""team"": 1, ""order"": 3}, {""is_pick"": false, ""hero_id"": 47, ""team"": 0, ""order"": 4}, {""is_pick"": false, ""hero_id"": 29, ""team"": 1, ""order"": 5}, {""is_pick"": false, ""hero_id"": 98, ""team"": 1, ""order"": 6}, {""is_pick"": true, ""hero_id"": 28, ""team"": 0, ""order"": 7}, {""is_pick"": true, ""hero_id"": 79, ""team"": 1, ""order"": 8}, {""is_pick"": false, ""hero_id"": 96, ""team"": 0, ""order"": 9}, {""is_pick"": false, ""hero_id"": 137, ""team"": 0, ""order"": 10}, {""is_pick"": false, ""hero_id"": 27, ""team"": 1, ""order"": 11}, {""is_pick"": true, ""hero_id"": 129, ""team"": 1, ""order"": 12}, {""is_pick"": true, ""hero_id"": 19, ""team"": 0, ""order"": 13}, {""is_pick"": true, ""hero_id"": 90, ""team"": 0, ""order"": 14}, {""is_pick"": true, ""hero_id"": 39, ""team"": 1, ""order"": 15}, {""is_pick"": true, ""hero_id"": 87, ""team"": 1, ""order"": 16}, {""is_pick"": true, ""hero_id"": 46, ""team"": 0, ""order"": 17}, {""is_pick"": false, ""hero_id"": 94, ""team"": 0, ""order"": 18}, {""is_pick"": false, ""hero_id"": 85, ""team"": 1, ""order"": 19}, {""is_pick"": false, ""hero_id"": 109, ""team"": 0, ""order"": 20}, {""is_pick"": false, ""hero_id"": 50, ""team"": 1, ""order"": 21}, {""is_pick"": true, ""hero_id"": 66, ""team"": 0, ""order"": 22}, {""is_pick"": true, ""hero_id"": 95, ""team"": 1, ""order"": 23}], ""radiant_picks"": [{""hero_id"": 28, ""hero_name"": null}, {""hero_id"": 19, ""hero_name"": null}, {""hero_id"": 90, ""hero_name"": null}, {""hero_id"": 46, ""hero_name"": null}, {""hero_id"": 66, ""hero_name"": null}], ""dire_picks"": [{""hero_id"": 79, ""hero_name"": null}, {""hero_id"": 129, ""hero_name"": null}, {""hero_id"": 39, ""hero_name"": null}, {""hero_id"": 87, ""hero_name"": null}, {""hero_id"": 95, ""hero_name"": null}], ""radiant_bans"": [{""hero_id"": 74, ""hero_name"": null}, {""hero_id"": 70, ""hero_name"": null}, {""hero_id"": 47, ""hero_name"": null}, {""hero_id"": 96, ""hero_name"": null}, {""hero_id"": 137, ""hero_name"": null}, {""hero_id"": 94, ""hero_name"": null}, {""hero_id"": 109, ""hero_name"": null}], ""dire_bans"": [{""hero_id"": 64, ""hero_name"": null}, {""hero_id"": 100, ""hero_name"": null}, {""hero_id"": 29, ""hero_name"": null}, {""hero_id"": 98, ""hero_name"": null}, {""hero_id"": 27, ""hero_name"": null}, {""hero_id"": 85, ""hero_name"": null}, {""hero_id"": 50, ""hero_name"": null}]}"
